{
    "1": {
		"intro": {
			"start": 0,
			"length": 150
		},
		"outro": {
			"length": 120
		}
	},
    "2": {
		"intro": {
			"start": 0,
			"length": 70
		},
		"outro": {
			"length": 120
		}
	},
	
    "69": {
		"intro": {
			"start": 0,
			"length": 212
		},
		"outro": {
			"length": 40
		}
	},
    "10901": {
		"intro": {
			"start": 90,
			"length": 90
		},
		"outro": {
			"length": 130
		}
	},
    "12661": {
		"intro": {
			"start": -1,
			"length": 90
		},
		"outro": {
			"length": 120
		}
	},
    "16947": {
		"intro": {
			"start": 0,
			"length": 90
		},
		"outro": {
			"length": 120
		}
	}
}